iter	MAE
0	0.08335413041
5	0.07736972752
10	0.07569644875
15	0.07452074731
20	0.07373596664
25	0.07288382455
30	0.07219828813
35	0.07169677145
40	0.07105224217
45	0.07041496568
50	0.06980894615
55	0.06935651777
60	0.06893825483
65	0.06851643299
70	0.06811700155
75	0.06773943895
80	0.06728127337
85	0.06697912265
90	0.0667011786
95	0.06633629305
100	0.06603787304
