{
  "timestamp": "2026-01-05T21:23:53.431856",
  "best_value": 0.051300805456649945,
  "best_params": {
    "bootstrap_type": "Bernoulli",
    "learning_rate": 0.03830550353885683,
    "depth": 5,
    "l2_leaf_reg": 3.96389588638785,
    "rsm": 0.5290418060840998,
    "min_data_in_leaf": 44,
    "random_strength": 6.011150117432088,
    "subsample": 0.8540362888980227
  },
  "n_trials_completed": 10,
  "best_trial_number": 1
}