{
  "timestamp": "2026-01-06T08:31:19.002609",
  "best_value": 0.050834988951243144,
  "best_params": {
    "bootstrap_type": "MVS",
    "learning_rate": 0.02496808233781365,
    "depth": 7,
    "l2_leaf_reg": 2.094044595533715,
    "rsm": 0.7168377120424515,
    "min_data_in_leaf": 36,
    "random_strength": 9.993624386415512,
    "subsample": 0.9018243063958195
  },
  "n_trials_completed": 107,
  "best_trial_number": 13
}